cutoff,population_observed,population_in_scope,excluded_already_listed,positives_union,positives_ofac_only,ofac_adds_in_horizon_all,ofac_adds_already_eu_uk_listed
2024-08-31,2626,2600,26,136,70,77,7
2024-09-30,2711,2680,31,129,66,76,10
2024-10-31,2716,2671,45,114,63,76,13
2024-11-30,2661,2604,57,192,64,81,17
2024-12-31,2681,2599,82,164,48,78,30
2025-01-31,2641,2517,124,147,17,17,0
2025-02-28,2651,2497,154,123,17,18,1
2025-03-31,2673,2522,151,128,18,19,1
2025-04-30,2748,2604,144,151,16,17,1
2025-05-31,2840,2634,206,67,16,19,3
2025-06-30,2890,2694,196,58,19,22,3
2025-07-31,2898,2677,221,28,2,3,1
2025-08-31,2913,2714,199,30,3,5,2
2025-09-30,2888,2688,200,28,3,4,1
2025-10-31,2894,2677,217,19,9,11,2
2025-11-30,2818,2608,210,18,8,9,1
2025-12-31,2850,2619,231,17,7,8,1
2026-01-31,2809,2569,240,20,8,9,1
2026-02-28,2771,2508,263,18,7,7,0
