month,tanker_mmsi,kept_mmsi,all_vessel_mmsi,days
2024-03,1028,1036,9602,31
2024-04,1003,1034,12769,30
2024-05,1188,1228,21167,31
2024-06,1074,1149,21832,30
2024-07,1133,1232,25925,31
2024-08,1157,1257,24553,31
2024-09,1190,1305,24459,30
2024-10,1101,1184,13102,31
2024-11,1095,1217,9861,30
2024-12,1099,1228,10100,31
2025-01,1059,1175,10239,31
2025-02,1024,1144,8162,28
2025-03,1197,1332,11439,31
2025-04,1157,1284,15856,30
2025-05,1254,1387,22238,31
2025-06,1193,1344,25915,30
2025-07,1130,1286,26734,31
2025-08,1149,1317,26567,31
2025-09,1043,1181,19075,30
2025-10,1068,1241,13357,31
2025-11,1055,1199,9961,30
2025-12,1151,1341,11040,31
2026-01,1041,1169,7801,31
2026-02,989,1156,7195,28
2026-03,1169,1324,10523,31
2026-04,1312,1519,20332,30
2026-05,1194,1399,23507,31
2026-06,1124,1355,27388,30
2026-07,1283,1532,33129,31
2026-08,1221,1431,28323,31
2026-09,701,831,13641,14
