rank,hull_id,imo,score,driver_1,driver_2,driver_3,driver_4,driver_5
1,9346859,9346859,0.125392,,,,,
2,9336414,9336414,0.125392,,,,,
3,1028736,1028736,0.125392,,,,,
4,9696711,9696711,0.125392,,,,,
5,9388807,9388807,0.125392,,,,,
6,9956006,9956006,0.125392,,,,,
7,9489297,9489297,0.125392,,,,,
8,9489285,9489285,0.125392,,,,,
9,9439058,9439058,0.125392,,,,,
10,9439400,9439400,0.125392,,,,,
11,9291236,9291236,0.125392,,,,,
12,9290438,9290438,0.125392,,,,,
13,9292515,9292515,0.125392,,,,,
14,9427471,9427471,0.125392,,,,,
15,9274812,9274812,0.125392,,,,,
16,9279757,9279757,0.125392,,,,,
17,9285861,9285861,0.125392,,,,,
18,9318096,9318096,0.125392,,,,,
19,9390628,9390628,0.125392,,,,,
20,9321201,9321201,0.125392,,,,,
21,9773935,9773935,0.125392,,,,,
22,9313486,9313486,0.125392,,,,,
23,9773947,9773947,0.125392,,,,,
24,9312860,9312860,0.125392,,,,,
25,9157650,9157650,0.125392,,,,,
26,9168192,9168192,0.125392,,,,,
27,9194995,9194995,0.125392,,,,,
28,9271573,9271573,0.125392,,,,,
29,9297503,9297503,0.125392,,,,,
30,9259721,9259721,0.125392,,,,,
31,9296195,9296195,0.125392,,,,,
32,9293129,9293129,0.125392,,,,,
33,9248813,9248813,0.125392,,,,,
34,9787936,9787936,0.125392,,,,,
35,9249075,9249075,0.125392,,,,,
36,9460564,9460564,0.125392,,,,,
37,9787912,9787912,0.125392,,,,,
38,9787194,9787194,0.125392,,,,,
39,9787168,9787168,0.125392,,,,,
40,9318072,9318072,0.125392,,,,,
41,9593012,9593012,0.125392,,,,,
42,9301536,9301536,0.125392,,,,,
43,9233818,9233818,0.125392,,,,,
44,9241683,9241683,0.125392,,,,,
45,9408073,9408073,0.125392,,,,,
46,9306639,9306639,0.125392,,,,,
47,9302970,9302970,0.125392,,,,,
48,9240445,9240445,0.125392,,,,,
49,9309435,9309435,0.125392,,,,,
50,9398280,9398280,0.125392,,,,,
